{"volMusica": 0.5054252805384238, "volEffects": 0.8184628736460932, "dmVoice": true, "fps": 60}