{"volMusica": 0.5918366994691868, "volEffects": 0.8184628736460932, "dmVoice": true, "fps": 60}