{"volMusica": 0.7563468197604872, "volEffects": 0.6036847491997657, "dmVoice": true, "fps": 60}