{"volMusica": 0.33853483717324917, "volEffects": 0.6438589782946924, "dmVoice": true, "fps": 60}