duración,monstruos,cofres,salas,objetos
750.9554545,1,1,3,1
987.890000,1,1,3,7
1087.220000,1,1,3,3
869.44000,1,2,3,7
1040.55000,1,1,3,7
962.52000,1,1,3,3
971.480000,1,2,3,5
2142.280000,3,4,7,10
