duración,monstruos,cofres,salas,objetos
750.9554545,1,1,3,1
987.890000,1,1,3,7
1087.220000,1,1,3,3
